Datetime,Water Level (m)
2026-09-18 18:00:00,-0.08720786
2026-09-18 19:00:00,0.15897556
2026-09-18 20:00:00,0.3776647
2026-09-18 21:00:00,0.58344984
2026-09-18 22:00:00,0.74953336
2026-09-18 23:00:00,0.81921536
2026-09-19 00:00:00,0.7474686
2026-09-19 01:00:00,0.55062026
2026-09-19 02:00:00,0.34956396
2026-09-19 03:00:00,0.18464237
2026-09-19 04:00:00,0.056493927
2026-09-19 05:00:00,0.00024562384
2026-09-19 06:00:00,0.049156886
2026-09-19 07:00:00,0.20326708
2026-09-19 08:00:00,0.35649619
2026-09-19 09:00:00,0.46558577
2026-09-19 10:00:00,0.5268575
2026-09-19 11:00:00,0.52704144
2026-09-19 12:00:00,0.45429972
2026-09-19 13:00:00,0.34606645
2026-09-19 14:00:00,0.22936314
2026-09-19 15:00:00,0.11895616
2026-09-19 16:00:00,0.025131788
2026-09-19 17:00:00,-0.046738423
2026-09-19 18:00:00,-0.07090602
2026-09-19 19:00:00,0.018880721
2026-09-19 20:00:00,0.2082964
2026-09-19 21:00:00,0.40501124
2026-09-19 22:00:00,0.55976063
2026-09-19 23:00:00,0.6750767
2026-09-20 00:00:00,0.7268602
2026-09-20 01:00:00,0.70528287
2026-09-20 02:00:00,0.6225662
2026-09-20 03:00:00,0.5172726
2026-09-20 04:00:00,0.4123656
2026-09-20 05:00:00,0.31307334
2026-09-20 06:00:00,0.21136118
2026-09-20 07:00:00,0.118821174
2026-09-20 08:00:00,0.072817
2026-09-20 09:00:00,0.1082151
2026-09-20 10:00:00,0.24504039
2026-09-20 11:00:00,0.40345252
2026-09-20 12:00:00,0.52607423
2026-09-20 13:00:00,0.5718521
2026-09-20 14:00:00,0.52307326
2026-09-20 15:00:00,0.421643
2026-09-20 16:00:00,0.32186294
2026-09-20 17:00:00,0.21788248
2026-09-20 18:00:00,0.107069984
2026-09-20 19:00:00,0.019784052
2026-09-20 20:00:00,-0.016505143
2026-09-20 21:00:00,0.03704371
2026-09-20 22:00:00,0.19850737
2026-09-20 23:00:00,0.4116259
2026-09-21 00:00:00,0.61569166
2026-09-21 01:00:00,0.7665255
2026-09-21 02:00:00,0.83208966
2026-09-21 03:00:00,0.80636626
2026-09-21 04:00:00,0.69534457
2026-09-21 05:00:00,0.5432403
2026-09-21 06:00:00,0.37828976
2026-09-21 07:00:00,0.22850025
2026-09-21 08:00:00,0.10248896
2026-09-21 09:00:00,0.021211656
2026-09-21 10:00:00,0.0059272815
2026-09-21 11:00:00,0.14179686
2026-09-21 12:00:00,0.3841086
2026-09-21 13:00:00,0.5904473
2026-09-21 14:00:00,0.73550755
2026-09-21 15:00:00,0.78871626
2026-09-21 16:00:00,0.7341973
2026-09-21 17:00:00,0.587689
2026-09-21 18:00:00,0.41397095
2026-09-21 19:00:00,0.25154766
2026-09-21 20:00:00,0.10751381
2026-09-21 21:00:00,0.01386901
2026-09-21 22:00:00,-0.0040637953
2026-09-21 23:00:00,0.16497362
2026-09-22 00:00:00,0.46921012
2026-09-22 01:00:00,0.7595377
2026-09-22 02:00:00,0.9686651
2026-09-22 03:00:00,1.0931251
2026-09-22 04:00:00,1.1136614
2026-09-22 05:00:00,0.99421936
2026-09-22 06:00:00,0.77852756
2026-09-22 07:00:00,0.5571375
2026-09-22 08:00:00,0.353181
2026-09-22 09:00:00,0.18369944
2026-09-22 10:00:00,0.04443747
2026-09-22 11:00:00,-0.0050837733
2026-09-22 12:00:00,0.18112288
2026-09-22 13:00:00,0.5311498
2026-09-22 14:00:00,0.8110399
2026-09-22 15:00:00,0.98720324
2026-09-22 16:00:00,1.0391724
2026-09-22 17:00:00,0.9497791
2026-09-22 18:00:00,0.7501611
2026-09-22 19:00:00,0.5324052
2026-09-22 20:00:00,0.32967997
2026-09-22 21:00:00,0.15242216
2026-09-22 22:00:00,0.008383124
2026-09-22 23:00:00,-0.061328005
2026-09-23 00:00:00,0.12467408
2026-09-23 01:00:00,0.5557085
2026-09-23 02:00:00,0.94960654
2026-09-23 03:00:00,1.2382333
2026-09-23 04:00:00,1.4251715
2026-09-23 05:00:00,1.4949197
2026-09-23 06:00:00,1.3890177
2026-09-23 07:00:00,1.163269
2026-09-23 08:00:00,0.94124085
2026-09-23 09:00:00,0.7457172
2026-09-23 10:00:00,0.58166724
2026-09-23 11:00:00,0.472919
2026-09-23 12:00:00,0.49704516
2026-09-23 13:00:00,0.7960011
2026-09-23 14:00:00,1.2057868
2026-09-23 15:00:00,1.5308574
2026-09-23 16:00:00,1.7139537
2026-09-23 17:00:00,1.7970393
2026-09-23 18:00:00,1.7506503
2026-09-23 19:00:00,1.5468088
2026-09-23 20:00:00,1.3133923
2026-09-23 21:00:00,1.097005
2026-09-23 22:00:00,0.9086526
2026-09-23 23:00:00,0.7954327
2026-09-24 00:00:00,0.87595403
2026-09-24 01:00:00,1.2576151
2026-09-24 02:00:00,1.7192019
2026-09-24 03:00:00,2.1024208
2026-09-24 04:00:00,2.37589
2026-09-24 05:00:00,2.5081053
2026-09-24 06:00:00,2.470533
2026-09-24 07:00:00,2.2343705
2026-09-24 08:00:00,1.9164721
2026-09-24 09:00:00,1.6005651
2026-09-24 10:00:00,1.3607963
2026-09-24 11:00:00,1.204813
2026-09-24 12:00:00,1.1395453
2026-09-24 13:00:00,1.2699887
2026-09-24 14:00:00,1.6761605
2026-09-24 15:00:00,2.0720482
2026-09-24 16:00:00,2.3674245
2026-09-24 17:00:00,2.5126057
2026-09-24 18:00:00,2.4648244
